ID,Name,Macroarea,Latitude,Longitude,Glottocode,ISO639P3code,Source
amdotibetan,Amdo Tibetan,,,,,,
kurtokha,Kurtokha,,,,,,
maonaga,Mao Naga,,,,,,
tshangla,Tshangla,,,,,,
westernmuya,Western Muya,,,,,,
tulu,Tulu,,,,,,
negidal,Negidal,,,,,,
atongindia,Atong (India),,,,,,
malaccabataviaportuguesecreole,Malacca-Batavia Portuguese Creole,,,,,,
varhadinagpuri,Varhadi-Nagpuri,,,,,,
centralkhmer,Central Khmer,,,,,,
daaichin,Daai Chin,,,,,,
dhimal,Dhimal,,,,,,
japhug,Japhug,,,,,,
peripheralmongolian,Peripheral Mongolian,,,,,,
khasi,Khasi,,,,,,
komizyrian,Komi-Zyrian,,,,,,
ersu,Ersu,,,,,,
katso,Katso,,,,,,
westernmagar,Western Magar,,,,,,
tangam,Tangam,,,,,,
mewati,Mewati,,,,,,
nyahkur,Nyahkur,,,,,,
dhivehi,Dhivehi,,,,,,
kirghiz,Kirghiz,,,,,,
southernrengmanaga,Southern Rengma Naga,,,,,,
lashi,Lashi,,,,,,
sindhi,Sindhi,,,,,,
centralbai,Central Bai,,,,,,
northazerbaijani,North Azerbaijani,,,,,,
hakkachinese,Hakka Chinese,,,,,,
bujhyal,Bujhyal,,,,,,
mon,Mon,,,,,,
cosao,Cosao,,,,,,
korku,Korku,,,,,,
westernarmenian,Western Armenian,,,,,,
archi,Archi,,,,,,
rabha,Rabha,,,,,,
huichinese,Hui Chinese,,,,,,
malavedan,Malavedan,,,,,,
korrakoraga,Korra Koraga,,,,,,
domari,Domari,,,,,,
moderngreek,Modern Greek,,,,,,
tundranenets,Tundra Nenets,,,,,,
manipuri,Manipuri,,,,,,
bulostieng,Bulo Stieng,,,,,,
khamstibetan,Khams Tibetan,,,,,,
zauzou,Zauzou,,,,,,
southernqiang,Southern Qiang,,,,,,
moken,Moken,,,,,,
gujarati,Gujarati,,,,,,
purikshamnubra,Purik-Sham-Nubra,,,,,,
jinyuchinese,Jinyu Chinese,,,,,,
sunwar,Sunwar,,,,,,
taidomeneyo,Tai Do-Mene-Yo,,,,,,
jerung,Jerung,,,,,,
okinoerabu,Oki-No-Erabu,,,,,,
dumi,Dumi,,,,,,
kayanlahwi,Kayan Lahwi,,,,,,
kaduo,Kaduo,,,,,,
naukanyupik,Naukan Yupik,,,,,,
irulaofthenilgiri,Irula of the Nilgiri,,,,,,
kondadora,Konda-Dora,,,,,,
ladino,Ladino,,,,,,
malayalam,Malayalam,,,,,,
maithili,Maithili,,,,,,
korean,Korean,,,,,,
pacoh,Pacoh,,,,,,
centralhongshuihezhuang,Central Hongshuihe Zhuang,,,,,,
northernpashto,Northern Pashto,,,,,,
kabardian,Kabardian,,,,,,
centralchong,Central Chong,,,,,,
bisu,Bisu,,,,,,
aou,A'ou,,,,,,
tibetan,Tibetan,,,,,,
bugan,Bugan,,,,,,
southazerbaijani,South Azerbaijani,,,,,,
northernjinghpaw,Northern Jinghpaw,,,,,,
friulian,Friulian,,,,,,
northwesternkolami,Northwestern Kolami,,,,,,
solukhumbusherpa,Solu-Khumbu Sherpa,,,,,,
bonan,Bonan,,,,,,
southernjinghpaw,Southern Jinghpaw,,,,,,
tsat,Tsat,,,,,,
easternnewari,Eastern Newari,,,,,,
northernpumi,Northern Pumi,,,,,,
chak,Chak,,,,,,
kyerung,Kyerung,,,,,,
mlabri,Mlabri,,,,,,
yakkha,Yakkha,,,,,,
limbu,Limbu,,,,,,
rajbanshi,Rajbanshi,,,,,,
westerntamang,Western Tamang,,,,,,
forestenets,Forest Enets,,,,,,
phomnaga,Phom Naga,,,,,,
caomiao,Cao Miao,,,,,,
westyugur,West Yugur,,,,,,
nungmyanmar,Nung (Myanmar),,,,,,
southernyukaghir,Southern Yukaghir,,,,,,
burushaski,Burushaski,,,,,,
aromanian,Aromanian,,,,,,
manchu,Manchu,,,,,,
pela,Pela,,,,,,
e,E,,,,,,
bunan,Bunan,,,,,,
southernaltai,Southern Altai,,,,,,
sangkong,Sangkong,,,,,,
westernongbe,Western Ong-Be,,,,,,
russiaburiat,Russia Buriat,,,,,,
zemenaga,Zeme Naga,,,,,,
zbu,Zbu,,,,,,
dungan,Dungan,,,,,,
chintang,Chintang,,,,,,
maonan,Maonan,,,,,,
bettakurumba,Betta Kurumba,,,,,,
chukchi,Chukchi,,,,,,
southwa,South Wa,,,,,,
lakkia,Lakkia,,,,,,
daohua,Daohua,,,,,,
narua,Narua,,,,,,
badaga,Badaga,,,,,,
welsh,Welsh,,,,,,
lehladakhi,Leh Ladakhi,,,,,,
marathi,Marathi,,,,,,
honi,Honi,,,,,,
selkup,Selkup,,,,,,
kazakh,Kazakh,,,,,,
sholaga,Sholaga,,,,,,
kodava,Kodava,,,,,,
wayu,Wayu,,,,,,
lahu,Lahu,,,,,,
dandamimaria,Dandami Maria,,,,,,
yuechinese,Yue Chinese,,,,,,
kumyk,Kumyk,,,,,,
yerongsouthernbuyang,Yerong-Southern Buyang,,,,,,
chothe,Chothe,,,,,,
moyon,Moyon,,,,,,
hindi,Hindi,,,,,,
kado,Kado,,,,,,
burmese,Burmese,,,,,,
lachi,Lachi,,,,,,
avar,Avar,,,,,,
sinhala,Sinhala,,,,,,
wuchinese,Wu Chinese,,,,,,
hmongnjua,Hmong Njua,,,,,,
pnar,Pnar,,,,,,
kman,Kman,,,,,,
gata,Gata',,,,,,
wambule,Wambule,,,,,,
longchuanachang,Longchuan Achang,,,,,,
macedonian,Macedonian,,,,,,
vachvasjugan,Vach-Vasjugan,,,,,,
northernpinghua,Northern Pinghua,,,,,,
sui,Sui,,,,,,
tsez,Tsez,,,,,,
shixing,Shixing,,,,,,
kumaoni,Kumaoni,,,,,,
northcentraldargwa,North-Central Dargwa,,,,,,
halhmongolian,Halh Mongolian,,,,,,
tuvinian,Tuvinian,,,,,,
mongghul,Mongghul,,,,,,
nganasan,Nganasan,,,,,,
pwoeasternkaren,Pwo Eastern Karen,,,,,,
westernpuroik,Western Puroik,,,,,,
ostfrankisch,Ostfränkisch,,,,,,
kuy,Kuy,,,,,,
zaiwa,Zaiwa,,,,,,
kirmanjki,Kirmanjki,,,,,,
assamese,Assamese,,,,,,
hillskarbi,Hills Karbi,,,,,,
chuvash,Chuvash,,,,,,
deori,Deori,,,,,,
danish,Danish,,,,,,
piemontese,Piemontese,,,,,,
hinuq,Hinuq,,,,,,
nuristanikalasha,Nuristani Kalasha,,,,,,
vietnamese,Vietnamese,,,,,,
noctenaga,Nocte Naga,,,,,,
nihali,Nihali,,,,,,
wutunhua,Wutunhua,,,,,,
mangghuer,Mangghuer,,,,,,
kotiaadivasioriyadesiya,Kotia-Adivasi Oriya-Desiya,,,,,,
thakali,Thakali,,,,,,
puxianchinese,Pu-Xian Chinese,,,,,,
lamjungmelamchiyolmo,Lamjung-Melamchi Yolmo,,,,,,
arvanitikaalbanian,Arvanitika Albanian,,,,,,
iumien,Iu Mien,,,,,,
bih,Bih,,,,,,
cypriotarabic,Cypriot Arabic,,,,,,
jejueo,Jejueo,,,,,,
pitesaami,Pite Saami,,,,,,
thadochin,Thado Chin,,,,,,
halbi,Halbi,,,,,,
mang,Mang,,,,,,
pontic,Pontic,,,,,,
gurani,Gurani,,,,,,
galo,Galo,,,,,,
babamalay,Baba Malay,,,,,,
easterntamang,Eastern Tamang,,,,,,
easternpanjabi,Eastern Panjabi,,,,,,
italian,Italian,,,,,,
aonaga,Ao Naga,,,,,,
lepcha,Lepcha,,,,,,
easternmagar,Eastern Magar,,,,,,
sani,Sani,,,,,,
southwesterndargwa,Southwestern Dargwa,,,,,,
liangmainaga,Liangmai Naga,,,,,,
godoberi,Godoberi,,,,,,
duoluogelao,Duoluo Gelao,,,,,,
japanese,Japanese,,,,,,
bezhta,Bezhta,,,,,,
southeastpashayi,Southeast Pashayi,,,,,,
oroch,Oroch,,,,,,
southernpashto,Southern Pashto,,,,,,
sadri,Sadri,,,,,,
neomandaic,Neo-Mandaic,,,,,,
evenki,Evenki,,,,,,
jennukurumba,Jennu Kurumba,,,,,,
dongxiang,Dongxiang,,,,,,
lak,Lak,,,,,,
westernparbatekham,Western Parbate Kham,,,,,,
portuguese,Portuguese,,,,,,
saurashtra,Saurashtra,,,,,,
ingrian,Ingrian,,,,,,
thangmi,Thangmi,,,,,,
semelai,Semelai,,,,,,
kadar,Kadar,,,,,,
northernthai,Northern Thai,,,,,,
thai,Thai,,,,,,
dzongkha,Dzongkha,,,,,,
uighur,Uighur,,,,,,
mandarinchinese,Mandarin Chinese,,,,,,
french,French,,,,,,
tatar,Tatar,,,,,,
minbeichinese,Min Bei Chinese,,,,,,
kumarbhagpaharia,Kumarbhag Paharia,,,,,,
damandiuportuguese,Daman-Diu Portuguese,,,,,,
waddar,Waddar,,,,,,
ganchinese,Gan Chinese,,,,,,
konkanmarathi,Konkan Marathi,,,,,,
southernpumi,Southern Pumi,,,,,,
bagvalal,Bagvalal,,,,,,
lisu,Lisu,,,,,,
ravula,Ravula,,,,,,
laz,Laz,,,,,,
sichuanyi,Sichuan Yi,,,,,,
koi,Koi,,,,,,
tamil,Tamil,,,,,,
laven,Laven,,,,,,
kucong,Kucong,,,,,,
nimadi,Nimadi,,,,,,
georgian,Georgian,,,,,,
pahng,Pa-Hng,,,,,,
ket,Ket,,,,,,
angaminaga,Angami Naga,,,,,,
kathmanduvalleynewari,Kathmandu Valley Newari,,,,,,
arpitan,Arpitan,,,,,,
miyako,Miyako,,,,,,
chitwaniatharu,Chitwania Tharu,,,,,,
khezhanaga,Khezha Naga,,,,,,
sakha,Sakha,,,,,,
lambadi,Lambadi,,,,,,
northernyukaghir,Northern Yukaghir,,,,,,
russian,Russian,,,,,,
jarawaindia,Jarawa (India),,,,,,
sora,Sora,,,,,,
paitechin,Paite Chin,,,,,,
nanai,Nanai,,,,,,
bodomech,Bodo-Mech,,,,,,
muduga,Muduga,,,,,,
easternkatu,Eastern Katu,,,,,,
biyo,Biyo,,,,,,
mulam,Mulam,,,,,,
marwariindia,Marwari (India),,,,,,
dutch,Dutch,,,,,,
koryak,Koryak,,,,,,
jiongnaibunu,Jiongnai Bunu,,,,,,
milang,Milang,,,,,,
westphalic,Westphalic,,,,,,
hokkaidoainu,Hokkaido Ainu,,,,,,
gilaki,Gilaki,,,,,,
mundari,Mundari,,,,,,
ashochin,Asho Chin,,,,,,
odia,Odia,,,,,,
chongofchanthaburi,Chong of Chanthaburi,,,,,,
maramnaga,Maram Naga,,,,,,
toda,Toda,,,,,,
southernamamioshima,Southern Amami-Oshima,,,,,,
catalan,Catalan,,,,,,
chut,Chut,,,,,,
estonianswedish,Estonian Swedish,,,,,,
easternkayah,Eastern Kayah,,,,,,
icelandic,Icelandic,,,,,,
sadu,Sadu,,,,,,
santali,Santali,,,,,,
udihe,Udihe,,,,,,
wudingluquanyi,Wuding-Luquan Yi,,,,,,
bantawa,Bantawa,,,,,,
german,German,,,,,,
minnanchinese,Min Nan Chinese,,,,,,
godwari,Godwari,,,,,,
khinalug,Khinalug,,,,,,
bolyu,Bolyu,,,,,,
basque,Basque,,,,,,
ghegalbanian,Gheg Albanian,,,,,,
kelantanpattanimalay,Kelantan-Pattani Malay,,,,,,
standardmalay,Standard Malay,,,,,,
darma,Darma,,,,,,
situ,Situ,,,,,,
lhomi,Lhomi,,,,,,
enu,Enu,,,,,,
youlejinuo,Youle Jinuo,,,,,,
kuiindia,Kui (India),,,,,,
vaagribooli,Vaagri Booli,,,,,,
koireng,Koireng,,,,,,
srilankamalay,Sri Lanka Malay,,,,,,
lao,Lao,,,,,,
sedang,Sedang,,,,,,
thulung,Thulung,,,,,,
budukh,Budukh,,,,,,
dagur,Dagur,,,,,,
akajeru,Akajeru,,,,,,
sikkimese,Sikkimese,,,,,,
kashmiri,Kashmiri,,,,,,
duhumbi,Duhumbi,,,,,,
yongbeizhuang,Yongbei Zhuang,,,,,,
northeasternthai,Northeastern Thai,,,,,,
westernxiangximiao,Western Xiangxi Miao,,,,,,
asturianleonesecantabrian,Asturian-Leonese-Cantabrian,,,,,,
staudgebshes,Stau-Dgebshes,,,,,,
dari,Dari,,,,,,
khmu,Khmu,,,,,,
nepali,Nepali,,,,,,
hungarian,Hungarian,,,,,,
rutul,Rutul,,,,,,
